"Campaign","Ad Group","Keyword","Criterion Type","Final URL"
"MK OPS | Marka","Marka","mk ops","Phrase","https://www.mk-ops.tr/"
"MK OPS | Marka","Marka","mk ops","Exact","https://www.mk-ops.tr/"
"MK OPS | Marka","Marka","mkops","Exact","https://www.mk-ops.tr/"
"MK OPS | Marka","Marka","mk-ops","Exact","https://www.mk-ops.tr/"
"MK OPS | Marka","Marka","mk ops giriş","Phrase","https://www.mk-ops.tr/"
"MK OPS | Arama | Ana","Şantiye ve Saha Yönetimi","şantiye yönetim programı","Phrase","https://www.mk-ops.tr/"
"MK OPS | Arama | Ana","Şantiye ve Saha Yönetimi","şantiye yönetim programı","Exact","https://www.mk-ops.tr/"
"MK OPS | Arama | Ana","Şantiye ve Saha Yönetimi","şantiye takip programı","Phrase","https://www.mk-ops.tr/"
"MK OPS | Arama | Ana","Şantiye ve Saha Yönetimi","şantiye takip programı","Exact","https://www.mk-ops.tr/"
"MK OPS | Arama | Ana","Şantiye ve Saha Yönetimi","şantiye yönetim yazılımı","Phrase","https://www.mk-ops.tr/"
"MK OPS | Arama | Ana","Şantiye ve Saha Yönetimi","şantiye yazılımı","Phrase","https://www.mk-ops.tr/"
"MK OPS | Arama | Ana","Şantiye ve Saha Yönetimi","saha yönetim programı","Phrase","https://www.mk-ops.tr/"
"MK OPS | Arama | Ana","Şantiye ve Saha Yönetimi","saha operasyon yönetimi","Phrase","https://www.mk-ops.tr/"
"MK OPS | Arama | Ana","Şantiye ve Saha Yönetimi","saha ekibi yönetim programı","Phrase","https://www.mk-ops.tr/"
"MK OPS | Arama | Ana","Şantiye ve Saha Yönetimi","taşeron yönetim programı","Phrase","https://www.mk-ops.tr/"
"MK OPS | Arama | Ana","Şantiye ve Saha Yönetimi","müteahhit programı","Phrase","https://www.mk-ops.tr/"
"MK OPS | Arama | Ana","Şantiye ve Saha Yönetimi","inşaat takip programı","Phrase","https://www.mk-ops.tr/"
"MK OPS | Arama | Ana","Hakediş","hakediş programı","Phrase","https://www.mk-ops.tr/cozumler/hakedis-takibi"
"MK OPS | Arama | Ana","Hakediş","hakediş programı","Exact","https://www.mk-ops.tr/cozumler/hakedis-takibi"
"MK OPS | Arama | Ana","Hakediş","hakediş takip programı","Phrase","https://www.mk-ops.tr/cozumler/hakedis-takibi"
"MK OPS | Arama | Ana","Hakediş","hakediş takip programı","Exact","https://www.mk-ops.tr/cozumler/hakedis-takibi"
"MK OPS | Arama | Ana","Hakediş","hakediş takibi","Phrase","https://www.mk-ops.tr/cozumler/hakedis-takibi"
"MK OPS | Arama | Ana","Hakediş","hakediş yazılımı","Phrase","https://www.mk-ops.tr/cozumler/hakedis-takibi"
"MK OPS | Arama | Ana","Hakediş","taşeron hakediş programı","Phrase","https://www.mk-ops.tr/cozumler/hakedis-takibi"
"MK OPS | Arama | Ana","Hakediş","taşeron hakediş programı","Exact","https://www.mk-ops.tr/cozumler/hakedis-takibi"
"MK OPS | Arama | Ana","Hakediş","taşeron hakediş takibi","Phrase","https://www.mk-ops.tr/cozumler/hakedis-takibi"
"MK OPS | Arama | Ana","Hakediş","metraj ve hakediş programı","Phrase","https://www.mk-ops.tr/cozumler/hakedis-takibi"
"MK OPS | Arama | Ana","Günlük İş Planı ve İmalat","günlük iş planı programı","Phrase","https://www.mk-ops.tr/cozumler/gunluk-is-takibi"
"MK OPS | Arama | Ana","Günlük İş Planı ve İmalat","saha iş takip programı","Phrase","https://www.mk-ops.tr/cozumler/gunluk-is-takibi"
"MK OPS | Arama | Ana","Günlük İş Planı ve İmalat","ekip iş takip programı","Phrase","https://www.mk-ops.tr/cozumler/gunluk-is-takibi"
"MK OPS | Arama | Ana","Günlük İş Planı ve İmalat","günlük imalat raporu","Phrase","https://www.mk-ops.tr/cozumler/gunluk-is-takibi"
"MK OPS | Arama | Ana","Günlük İş Planı ve İmalat","saha ekip yönetimi","Phrase","https://www.mk-ops.tr/cozumler/gunluk-is-takibi"
"MK OPS | Arama | Ana","Günlük İş Planı ve İmalat","günlük faaliyet raporu programı","Phrase","https://www.mk-ops.tr/cozumler/gunluk-is-takibi"
"MK OPS | Arama | Ana","Günlük İş Planı ve İmalat","ekip planlama programı","Phrase","https://www.mk-ops.tr/cozumler/gunluk-is-takibi"
"MK OPS | Arama | Ana","Günlük İş Planı ve İmalat","saha ekibi takip programı","Phrase","https://www.mk-ops.tr/cozumler/gunluk-is-takibi"
"MK OPS | Arama | Ana","Proje ve Metraj","inşaat proje takip programı","Phrase","https://www.mk-ops.tr/cozumler/proje-metraj-takibi"
"MK OPS | Arama | Ana","Proje ve Metraj","proje takip programı inşaat","Phrase","https://www.mk-ops.tr/cozumler/proje-metraj-takibi"
"MK OPS | Arama | Ana","Proje ve Metraj","metraj takip programı","Phrase","https://www.mk-ops.tr/cozumler/proje-metraj-takibi"
"MK OPS | Arama | Ana","Proje ve Metraj","altyapı proje takip programı","Phrase","https://www.mk-ops.tr/cozumler/proje-metraj-takibi"
"MK OPS | Arama | Ana","Proje ve Metraj","doğalgaz proje takip","Phrase","https://www.mk-ops.tr/cozumler/proje-metraj-takibi"
"MK OPS | Arama | Ana","Proje ve Metraj","inşaat ilerleme takibi","Phrase","https://www.mk-ops.tr/cozumler/proje-metraj-takibi"
"MK OPS | Arama | Ana","Proje ve Metraj","şantiye ilerleme raporu","Phrase","https://www.mk-ops.tr/cozumler/proje-metraj-takibi"
"MK OPS | Arama | Ana","Proje ve Metraj","iş kalemi takibi","Phrase","https://www.mk-ops.tr/cozumler/proje-metraj-takibi"
"MK OPS | Arama | Modüller","Puantaj","puantaj programı","Phrase","https://www.mk-ops.tr/cozumler/puantaj-personel-takibi"
"MK OPS | Arama | Modüller","Puantaj","puantaj programı","Exact","https://www.mk-ops.tr/cozumler/puantaj-personel-takibi"
"MK OPS | Arama | Modüller","Puantaj","personel puantaj programı","Phrase","https://www.mk-ops.tr/cozumler/puantaj-personel-takibi"
"MK OPS | Arama | Modüller","Puantaj","personel puantaj programı","Exact","https://www.mk-ops.tr/cozumler/puantaj-personel-takibi"
"MK OPS | Arama | Modüller","Puantaj","puantaj takip programı","Phrase","https://www.mk-ops.tr/cozumler/puantaj-personel-takibi"
"MK OPS | Arama | Modüller","Puantaj","şantiye puantaj programı","Phrase","https://www.mk-ops.tr/cozumler/puantaj-personel-takibi"
"MK OPS | Arama | Modüller","Puantaj","online puantaj programı","Phrase","https://www.mk-ops.tr/cozumler/puantaj-personel-takibi"
"MK OPS | Arama | Modüller","Puantaj","puantaj yazılımı","Phrase","https://www.mk-ops.tr/cozumler/puantaj-personel-takibi"
"MK OPS | Arama | Modüller","Puantaj","işçi puantaj programı","Phrase","https://www.mk-ops.tr/cozumler/puantaj-personel-takibi"
"MK OPS | Arama | Modüller","Puantaj","personel devam takip programı","Phrase","https://www.mk-ops.tr/cozumler/puantaj-personel-takibi"
"MK OPS | Arama | Modüller","Malzeme ve Depo","şantiye malzeme takibi","Phrase","https://www.mk-ops.tr/cozumler/irsaliye-malzeme-takibi"
"MK OPS | Arama | Modüller","Malzeme ve Depo","şantiye depo programı","Phrase","https://www.mk-ops.tr/cozumler/irsaliye-malzeme-takibi"
"MK OPS | Arama | Modüller","Malzeme ve Depo","şantiye stok takibi","Phrase","https://www.mk-ops.tr/cozumler/irsaliye-malzeme-takibi"
"MK OPS | Arama | Modüller","Malzeme ve Depo","malzeme takip programı","Phrase","https://www.mk-ops.tr/cozumler/irsaliye-malzeme-takibi"
"MK OPS | Arama | Modüller","Malzeme ve Depo","irsaliye takip programı","Phrase","https://www.mk-ops.tr/cozumler/irsaliye-malzeme-takibi"
"MK OPS | Arama | Modüller","Malzeme ve Depo","malzeme stok programı","Phrase","https://www.mk-ops.tr/cozumler/irsaliye-malzeme-takibi"
"MK OPS | Arama | Modüller","Malzeme ve Depo","çoklu depo stok programı","Phrase","https://www.mk-ops.tr/cozumler/irsaliye-malzeme-takibi"
"MK OPS | Arama | Modüller","Malzeme ve Depo","depo stok takip programı","Phrase","https://www.mk-ops.tr/cozumler/irsaliye-malzeme-takibi"
"MK OPS | Arama | Modüller","Araç ve Ekipman","ekipman zimmet takibi","Phrase","https://www.mk-ops.tr/cozumler/arac-ekipman-takibi"
"MK OPS | Arama | Modüller","Araç ve Ekipman","zimmet takip programı","Phrase","https://www.mk-ops.tr/cozumler/arac-ekipman-takibi"
"MK OPS | Arama | Modüller","Araç ve Ekipman","demirbaş zimmet programı","Phrase","https://www.mk-ops.tr/cozumler/arac-ekipman-takibi"
"MK OPS | Arama | Modüller","Araç ve Ekipman","demirbaş takip programı","Phrase","https://www.mk-ops.tr/cozumler/arac-ekipman-takibi"
"MK OPS | Arama | Modüller","Araç ve Ekipman","araç muayene takip programı","Phrase","https://www.mk-ops.tr/cozumler/arac-ekipman-takibi"
"MK OPS | Arama | Modüller","Araç ve Ekipman","araç yakıt takip programı","Phrase","https://www.mk-ops.tr/cozumler/arac-ekipman-takibi"
"MK OPS | Arama | Modüller","Araç ve Ekipman","alet zimmet takibi","Phrase","https://www.mk-ops.tr/cozumler/arac-ekipman-takibi"
"MK OPS | Arama | Modüller","Araç ve Ekipman","şantiye ekipman takibi","Phrase","https://www.mk-ops.tr/cozumler/arac-ekipman-takibi"
